{
    "cycles_program_begin": 85260981572011,
    "CurCompileModules": [
        "...MASTER...",
        "...MASTER...",
        "vcs_paramclassrepository",
        "vcs_paramclassrepository",
        "_vcs_DPI_package",
        "_vcs_DPI_package",
        "_vcs_unit__366339060",
        "_vcs_unit__366339060",
        "std",
        "std",
        "uvm_pkg",
        "uvm_pkg",
        "_vcs_msglog",
        "_vcs_msglog",
        "uvm_custom_install_recording",
        "uvm_custom_install_recording",
        "fifo_top",
        "fifo_top",
        "fifo_intf",
        "fifo_intf",
        "fifo_pkg",
        "fifo_pkg",
        "fifo_test_pkg",
        "fifo_test_pkg",
        "tb",
        "tb"
    ],
    "stat": {
        "ru_self_cgstart": {
            "ru_utime_sec": 4.9850570000000003,
            "ru_stime_sec": 0.33233699999999999,
            "ru_maxrss_kb": 202520,
            "ru_nvcsw": 412,
            "ru_minflt": 59545,
            "ru_majflt": 0,
            "ru_nivcsw": 11
        },
        "ru_childs_cgstart": {
            "ru_utime_sec": 0.27400099999999999,
            "ru_stime_sec": 0.057925999999999998,
            "ru_maxrss_kb": 108968,
            "ru_nvcsw": 494,
            "ru_minflt": 10734,
            "ru_majflt": 0,
            "ru_nivcsw": 3
        },
        "ru_childs_end": {
            "ru_utime_sec": 0.27668799999999999,
            "ru_stime_sec": 0.057925999999999998,
            "ru_maxrss_kb": 109344,
            "ru_nvcsw": 495,
            "ru_minflt": 10989,
            "ru_majflt": 0,
            "ru_nivcsw": 3
        },
        "cpu_cycles_cgstart": 85333967722893,
        "Frontend(%)": 60.280662477059728,
        "nMops": 401583,
        "ru_self_end": {
            "ru_utime_sec": 8.4475990000000003,
            "ru_stime_sec": 0.55333600000000005,
            "ru_maxrss_kb": 207884,
            "ru_nvcsw": 427,
            "ru_minflt": 74949,
            "ru_majflt": 0,
            "ru_nivcsw": 16
        },
        "totalObjSize": 15044726,
        "cpu_cycles_end": 85345460152834,
        "nQuads": 127607,
        "cpu_cycles_total": 84478580823,
        "mopSpeed": 115889.31063430441,
        "quadSpeed": 36824.983283933041,
        "outputSizePerQuad": 117.89890836709584,
        "mop/quad": 3.147029551670363,
        "CodeGen(%)": 39.719337522940265,
        "peak_mem_kb": 451960,
        "realTime": 29.435508012771606
    },
    "LVLData": [
        "SIM"
    ],
    "cpu_cycles_pass2_start": 85333967496445,
    "perf": [
        {
            "sub": [
                {
                    "sub": [],
                    "stat": [
                        "doParsingAndDesignResolution",
                        "entry",
                        20.084150075912476,
                        0.032521000000000001,
                        0.0081300000000000001,
                        279160,
                        279960,
                        0.0,
                        0.0,
                        1681853590.358633,
                        85318611155317
                    ]
                },
                {
                    "sub": [],
                    "stat": [
                        "doParsingAndDesignResolution",
                        "exit",
                        21.874136924743652,
                        1.966933,
                        0.257355,
                        424336,
                        451960,
                        0.0,
                        0.0,
                        1681853592.1486199,
                        85323750603331
                    ]
                },
                {
                    "sub": [
                        {
                            "sub": [],
                            "stat": [
                                "doUptoVir2VcsNoSepCleanup",
                                "entry",
                                22.682848930358887,
                                2.6939690000000001,
                                0.276777,
                                410736,
                                451960,
                                0.25976399999999999,
                                0.033494999999999997,
                                1681853592.9573319,
                                85326072772919
                            ]
                        },
                        {
                            "sub": [],
                            "stat": [
                                "doUptoVir2VcsNoSepCleanup",
                                "exit",
                                24.983470916748047,
                                4.7607280000000003,
                                0.33150099999999999,
                                417592,
                                451960,
                                0.25976399999999999,
                                0.033494999999999997,
                                1681853595.2579539,
                                85332678166271
                            ]
                        },
                        {
                            "sub": [],
                            "stat": [
                                "doRadify_vir2vcsAll",
                                "entry",
                                24.983667135238647,
                                4.7609010000000005,
                                0.331513,
                                417592,
                                451960,
                                0.25976399999999999,
                                0.033494999999999997,
                                1681853595.2581501,
                                85332678349859
                            ]
                        },
                        {
                            "sub": [],
                            "stat": [
                                "doRadify_vir2vcsAll",
                                "exit",
                                25.20723295211792,
                                4.9670300000000003,
                                0.33174900000000002,
                                438384,
                                451960,
                                0.25976399999999999,
                                0.033494999999999997,
                                1681853595.4817159,
                                85333320374767
                            ]
                        }
                    ],
                    "stat": [
                        "doPostDesignResolutionToVir2Vcs",
                        "entry",
                        21.903326988220215,
                        1.993878,
                        0.257355,
                        410320,
                        451960,
                        0.0,
                        0.0,
                        1681853592.17781,
                        85323834387233
                    ]
                },
                {
                    "sub": [],
                    "stat": [
                        "doPostDesignResolutionToVir2Vcs",
                        "exit",
                        25.207381963729858,
                        4.9671620000000001,
                        0.331758,
                        438384,
                        451960,
                        0.25976399999999999,
                        0.033494999999999997,
                        1681853595.4818649,
                        85333320695606
                    ]
                },
                {
                    "sub": [
                        {
                            "sub": [],