{
    "cpu_cycles_pass2_start": 77367685716863,
    "cycles_program_begin": 77356610232063,
    "MlibObjs": {},
    "perf": [
        {
            "sub": [
                {
                    "sub": [],
                    "stat": [
                        "doParsingAndDesignResolution",
                        "entry",
                        0.1648399829864502,
                        0.19561100000000001,
                        0.010433,
                        277084,
                        277884,
                        0.0,
                        0.0,
                        1681119927.001179,
                        77357006666380
                    ]
                },
                {
                    "sub": [],
                    "stat": [
                        "doParsingAndDesignResolution",
                        "exit",
                        1.3740520477294922,
                        1.6811020000000001,
                        0.098309999999999995,
                        421844,
                        450052,
                        0.0,
                        0.0,
                        1681119928.210391,
                        77360767846176
                    ]
                },
                {
                    "sub": [
                        {
                            "sub": [],
                            "stat": [
                                "doUptoVir2VcsNoSepCleanup",
                                "entry",
                                1.8764240741729736,
                                2.1705429999999999,
                                0.108527,
                                408212,
                                450052,
                                0.28409699999999999,
                                0.043135,
                                1681119928.7127631,
                                77362330428287
                            ]
                        },
                        {
                            "sub": [],
                            "stat": [
                                "doUptoVir2VcsNoSepCleanup",
                                "exit",
                                3.2931089401245117,
                                3.5661320000000001,
                                0.128777,
                                432536,
                                450052,
                                0.28409699999999999,
                                0.043135,
                                1681119930.1294479,
                                77366736907175
                            ]
                        },
                        {
                            "sub": [],
                            "stat": [
                                "doRadify_vir2vcsAll",
                                "entry",
                                3.2933540344238281,
                                3.5663710000000002,
                                0.12878500000000001,
                                432536,
                                450052,
                                0.28409699999999999,
                                0.043135,
                                1681119930.129693,
                                77366737608890
                            ]
                        },
                        {
                            "sub": [],
                            "stat": [
                                "doRadify_vir2vcsAll",
                                "exit",
                                3.4449260234832764,
                                3.7079260000000001,
                                0.13879900000000001,
                                437192,
                                450052,
                                0.28409699999999999,
                                0.043135,
                                1681119930.281265,
                                77367209124468
                            ]
                        }
                    ],
                    "stat": [
                        "doPostDesignResolutionToVir2Vcs",
                        "entry",
                        1.4048750400543213,
                        1.6995879999999999,
                        0.108066,
                        407828,
                        450052,
                        0.002493,
                        0.0,
                        1681119928.241214,
                        77360863710875
                    ]
                },
                {
                    "sub": [],
                    "stat": [
                        "doPostDesignResolutionToVir2Vcs",
                        "exit",
                        3.4450280666351318,
                        3.708027,
                        0.13880300000000001,
                        437192,
                        450052,
                        0.28409699999999999,
                        0.043135,
                        1681119930.2813671,
                        77367209330105
                    ]
                },
                {
                    "sub": [
                        {
                            "sub": [],
                            "stat": [
                                "DoPass2",
                                "entry",
                                3.5981419086456299,
                                3.7236150000000001,
                                0.139014,
                                432652,
                                450052,
                                0.33098699999999998,
                                0.063501000000000002,
                                1681119930.4344809,
                                77367685692773
                            ]
                        },
                        {
                            "sub": [],
                            "stat": [
                                "DoPass2",
                                "exit",
                                4.2834150791168213,
                                4.4064139999999998,
                                0.13906199999999999,
                                432652,
                                450052,
                                0.33333800000000002,
                                0.063501000000000002,
                                1681119931.1197541,
                                77369817091609
                            ]
                        }
                    ],
                    "stat": [
                        "doGAToPass2",
                        "entry",
                        3.4450368881225586,
                        3.7080359999999999,
                        0.13880300000000001,
                        437192,
                        450052,
                        0.28409699999999999,
                        0.043135,
                        1681119930.2813759,
                        77367209351588
                    ]
                },
                {
                    "sub": [],
                    "stat": [
                        "doGAToPass2",
                        "exit",
                        4.2888510227203369,
                        4.4064139999999998,
                        0.14449799999999999,
                        434580,
                        450052,
                        0.33333800000000002,
                        0.063501000000000002,
                        1681119931.12519,
                        77369833997415
                    ]
                }
            ],
            "stat": [
                "main",
                "entry",
                0.037745952606201172,
                0.17737700000000001,
                0.010433,
                220128,
                220128,
                0.0,
                0.0,
                1681119926.8740849,
                77356611586148
            ]
        },
        {
            "sub": [],